INSERT INTO INGREDIENT(ID, NAME, INGREDIENT_CATEGORY, AMOUNT, CREATED_DATE, UPDATED_DATE, VERSION)
VALUES (1, 'witamina c', 'VITAMINS', '100mg', '2021-12-17', '2021-12-17', 0);
INSERT INTO INGREDIENT(ID, NAME, INGREDIENT_CATEGORY, AMOUNT, CREATED_DATE, UPDATED_DATE, VERSION)
VALUES (2, 'magnez', 'MINERALS', '200mg', '2021-12-17', '2021-12-17', 0);
INSERT INTO INGREDIENT(ID, NAME, INGREDIENT_CATEGORY, AMOUNT, CREATED_DATE, UPDATED_DATE, VERSION)
VALUES (3, 'czosnek', 'HERBALS', '500mg', '2021-12-17', '2021-12-17', 0);
INSERT INTO INGREDIENT(ID, NAME, INGREDIENT_CATEGORY, AMOUNT, CREATED_DATE, UPDATED_DATE, VERSION)
VALUES (4, 'witamina D', 'VITAMINS', '1000mg', '2021-12-17', '2021-12-17', 0);
INSERT INTO INGREDIENT(ID, NAME, INGREDIENT_CATEGORY, AMOUNT, CREATED_DATE, UPDATED_DATE, VERSION)
VALUES (5, 'cynk', 'MINERALS', '15mg', '2021-12-17', '2021-12-17', 0);
INSERT INTO INGREDIENT(ID, NAME, INGREDIENT_CATEGORY, AMOUNT, CREATED_DATE, UPDATED_DATE, VERSION)
VALUES (6, 'witamina e', 'VITAMINS', '15mg', '2021-12-17', '2021-12-17', 0);

INSERT INTO MANUFACTURER(ID, NAME, STREET, HOME_NUMBER, POSTAL_CODE, CITY, COUNTRY, WEBSITE, EMAIL, PHONE_NUMBER, CREATED_DATE, UPDATED_DATE, VERSION)
VALUES (1, 'Manufacturer 1', 'ul. Testowa', '1', '61-666', 'Poznan', 'Polska', 'manufacturer1.com', 'manufacturer1@com.pl', '111 111 111', '2021-12-17', '2021-12-17', 0);
INSERT INTO MANUFACTURER(ID, NAME, STREET, HOME_NUMBER, POSTAL_CODE, CITY, COUNTRY, WEBSITE, EMAIL, PHONE_NUMBER, CREATED_DATE, UPDATED_DATE, VERSION)
VALUES (2, 'Manufacturer 2', 'ul. Testowa', '2', '61-777', 'Warszawa', 'Polska', 'manufacturer2.com', 'manufacturer2@com.pl', '222 222 222', '2021-12-17', '2021-12-17', 0);
INSERT INTO MANUFACTURER(ID, NAME, STREET, HOME_NUMBER, POSTAL_CODE, CITY, COUNTRY, WEBSITE, EMAIL, PHONE_NUMBER, CREATED_DATE, UPDATED_DATE, VERSION)
VALUES (3, 'Manufacturer 3', 'ul. Testowa', '3', '61-888', 'Szczecin', 'Polska', 'manufacturer3.com', 'manufacturer3@com.pl', '333 333 333', '2021-12-17', '2021-12-17', 0);


INSERT INTO DIETARY_SUPPLEMENT(ID, NAME, DESCRIPTION, DOSAGE, PRODUCT_CATEGORY, MANUFACTURER_ID, CREATED_DATE, UPDATED_DATE, VERSION)
VALUES (1, 'Witaminy dla dzieci', 'Opis 1', '2 kapsulki dziennie', 'FOR_KIDS', 1, '2021-12-17', '2021-12-17', 0);
INSERT INTO DIETARY_SUPPLEMENT(ID, NAME, DESCRIPTION, DOSAGE, PRODUCT_CATEGORY, MANUFACTURER_ID, CREATED_DATE, UPDATED_DATE, VERSION)
VALUES (2, 'Witaminy dla doroslych', 'Opis 2', '4 kapsulki dziennie', 'FOR_ADULT', 1, '2021-12-17', '2021-12-17', 0);
INSERT INTO DIETARY_SUPPLEMENT(ID, NAME, DESCRIPTION, DOSAGE, PRODUCT_CATEGORY, MANUFACTURER_ID, CREATED_DATE, UPDATED_DATE, VERSION)
VALUES (3, 'Witaminy dla wszystkich', 'Opis 3', '2 kapsulki dziennie', 'UNIVERSAL', 2, '2021-12-17', '2021-12-17', 0);
INSERT INTO DIETARY_SUPPLEMENT(ID, NAME, DESCRIPTION, DOSAGE, PRODUCT_CATEGORY, MANUFACTURER_ID, CREATED_DATE, UPDATED_DATE, VERSION)
VALUES (4, 'Najlepsze ziola', 'Opis 4', '3 lyzeczki', 'FOR_ADULT', 2, '2021-12-17', '2021-12-17', 0);
INSERT INTO DIETARY_SUPPLEMENT(ID, NAME, DESCRIPTION, DOSAGE, PRODUCT_CATEGORY, MANUFACTURER_ID, CREATED_DATE, UPDATED_DATE, VERSION)
VALUES (5, 'Dobry sen', 'Opis 5', '2 lyzeczki', 'FOR_ADULT', 2, '2021-12-17', '2021-12-17', 0);

INSERT INTO SUPPLEMENT_INGREDIENT(DIETARY_SUPPLEMENT_ID, INGREDIENT_ID)
VALUES (1,1);
INSERT INTO SUPPLEMENT_INGREDIENT(DIETARY_SUPPLEMENT_ID, INGREDIENT_ID)
VALUES (1,2);
INSERT INTO SUPPLEMENT_INGREDIENT(DIETARY_SUPPLEMENT_ID, INGREDIENT_ID)
VALUES (2,1);
INSERT INTO SUPPLEMENT_INGREDIENT(DIETARY_SUPPLEMENT_ID, INGREDIENT_ID)
VALUES (2,2);
INSERT INTO SUPPLEMENT_INGREDIENT(DIETARY_SUPPLEMENT_ID, INGREDIENT_ID)
VALUES (3,5);
INSERT INTO SUPPLEMENT_INGREDIENT(DIETARY_SUPPLEMENT_ID, INGREDIENT_ID)
VALUES (4,3);
INSERT INTO SUPPLEMENT_INGREDIENT(DIETARY_SUPPLEMENT_ID, INGREDIENT_ID)
VALUES (5,4);